Datetime,Water Level (m)
2025-03-12 12:00:00,-0.13972765
2025-03-12 13:00:00,-0.23687343
2025-03-12 14:00:00,-0.3554964
2025-03-12 15:00:00,-0.40560403
2025-03-12 16:00:00,-0.31093365
2025-03-12 17:00:00,-0.14049216
2025-03-12 18:00:00,0.057677466
2025-03-12 19:00:00,0.24234174
2025-03-12 20:00:00,0.3486939
2025-03-12 21:00:00,0.34108827
2025-03-12 22:00:00,0.2493026
2025-03-12 23:00:00,0.14554504
2025-03-13 00:00:00,0.043528646
2025-03-13 01:00:00,-0.0782465
2025-03-13 02:00:00,-0.20761117
2025-03-13 03:00:00,-0.33287337
2025-03-13 04:00:00,-0.35338286
2025-03-13 05:00:00,-0.21036139
2025-03-13 06:00:00,-0.025053242
2025-03-13 07:00:00,0.12649243
2025-03-13 08:00:00,0.23742427
2025-03-13 09:00:00,0.24487898
2025-03-13 10:00:00,0.17631042
2025-03-13 11:00:00,0.088346735
2025-03-13 12:00:00,0.007556773
2025-03-13 13:00:00,-0.09217763
2025-03-13 14:00:00,-0.20264454
2025-03-13 15:00:00,-0.30665267
2025-03-13 16:00:00,-0.31329313
2025-03-13 17:00:00,-0.15174186
2025-03-13 18:00:00,0.058738694
2025-03-13 19:00:00,0.25172606
2025-03-13 20:00:00,0.40682283
2025-03-13 21:00:00,0.44171533
2025-03-13 22:00:00,0.37522525
2025-03-13 23:00:00,0.2756372
2025-03-14 00:00:00,0.16334823
2025-03-14 01:00:00,0.04850013
2025-03-14 02:00:00,-0.08105617
2025-03-14 03:00:00,-0.21782699
2025-03-14 04:00:00,-0.31851745
2025-03-14 05:00:00,-0.24458914
2025-03-14 06:00:00,-0.052818116
2025-03-14 07:00:00,0.109224014
2025-03-14 08:00:00,0.25557593
2025-03-14 09:00:00,0.30575466
2025-03-14 10:00:00,0.25252497
2025-03-14 11:00:00,0.17252906
2025-03-14 12:00:00,0.077209584
2025-03-14 13:00:00,-0.015618158
2025-03-14 14:00:00,-0.1401603
2025-03-14 15:00:00,-0.25871062
2025-03-14 16:00:00,-0.34716025
2025-03-14 17:00:00,-0.26193938
2025-03-14 18:00:00,-0.050993815
2025-03-14 19:00:00,0.14015396
2025-03-14 20:00:00,0.3294591
2025-03-14 21:00:00,0.40854716
2025-03-14 22:00:00,0.36896226
2025-03-14 23:00:00,0.27724946
2025-03-15 00:00:00,0.17311575
2025-03-15 01:00:00,0.061808843
2025-03-15 02:00:00,-0.057166073
2025-03-15 03:00:00,-0.19212392
2025-03-15 04:00:00,-0.31980395
2025-03-15 05:00:00,-0.34105638
2025-03-15 06:00:00,-0.18126376
2025-03-15 07:00:00,0.023299498
2025-03-15 08:00:00,0.18298079
2025-03-15 09:00:00,0.2950486
2025-03-15 10:00:00,0.28561535
2025-03-15 11:00:00,0.20310535
2025-03-15 12:00:00,0.11676659
2025-03-15 13:00:00,0.03236436
2025-03-15 14:00:00,-0.06950851
2025-03-15 15:00:00,-0.18780534
2025-03-15 16:00:00,-0.30306834
2025-03-15 17:00:00,-0.32010505
2025-03-15 18:00:00,-0.1534098
2025-03-15 19:00:00,0.060846865
2025-03-15 20:00:00,0.23865618
2025-03-15 21:00:00,0.37716284
2025-03-15 22:00:00,0.37579244
2025-03-15 23:00:00,0.28957108
2025-03-16 00:00:00,0.19114661
2025-03-16 01:00:00,0.07517187
2025-03-16 02:00:00,-0.031144924
2025-03-16 03:00:00,-0.16341735
2025-03-16 04:00:00,-0.2941695
2025-03-16 05:00:00,-0.36692765
2025-03-16 06:00:00,-0.25212345
2025-03-16 07:00:00,-0.048452247
2025-03-16 08:00:00,0.12491968
2025-03-16 09:00:00,0.2737689
2025-03-16 10:00:00,0.31561404
2025-03-16 11:00:00,0.25815633
2025-03-16 12:00:00,0.17651448
2025-03-16 13:00:00,0.0831363
2025-03-16 14:00:00,-0.0056286515
2025-03-16 15:00:00,-0.1263219
2025-03-16 16:00:00,-0.24141751
2025-03-16 17:00:00,-0.32227698
2025-03-16 18:00:00,-0.21917802
2025-03-16 19:00:00,-0.010089142
2025-03-16 20:00:00,0.17198081
2025-03-16 21:00:00,0.34469065
2025-03-16 22:00:00,0.39526024
2025-03-16 23:00:00,0.33109045
2025-03-17 00:00:00,0.23264141
2025-03-17 01:00:00,0.12006329
2025-03-17 02:00:00,0.0099093765
2025-03-17 03:00:00,-0.12337179
2025-03-17 04:00:00,-0.25349241
2025-03-17 05:00:00,-0.3687748
2025-03-17 06:00:00,-0.3451456
2025-03-17 07:00:00,-0.17324944
2025-03-17 08:00:00,0.025929926
2025-03-17 09:00:00,0.19711581
2025-03-17 10:00:00,0.30308485
2025-03-17 11:00:00,0.2947103
2025-03-17 12:00:00,0.21887156
2025-03-17 13:00:00,0.13273312
2025-03-17 14:00:00,0.048757285
2025-03-17 15:00:00,-0.055172365
2025-03-17 16:00:00,-0.17060877
2025-03-17 17:00:00,-0.26666248
2025-03-17 18:00:00,-0.24257639
2025-03-17 19:00:00,-0.06661921
2025-03-17 20:00:00,0.11079951
2025-03-17 21:00:00,0.26898274
2025-03-17 22:00:00,0.35618576
2025-03-17 23:00:00,0.31690067
2025-03-18 00:00:00,0.22349955
2025-03-18 01:00:00,0.122145794
2025-03-18 02:00:00,0.022535041
2025-03-18 03:00:00,-0.08840628
2025-03-18 04:00:00,-0.21262564
2025-03-18 05:00:00,-0.33191642
2025-03-18 06:00:00,-0.36153293
2025-03-18 07:00:00,-0.22198282
2025-03-18 08:00:00,-0.019818537
2025-03-18 09:00:00,0.15732372
2025-03-18 10:00:00,0.29677552
2025-03-18 11:00:00,0.33634093
2025-03-18 12:00:00,0.2880452
